Jugendfeuerwehr,Gemeinde
JF Amelinghausen,Samtgemeinde Amelinghausen
JF Drögenindorf,Samtgemeinde Amelinghausen
JF Oldendorf/Luhe,Samtgemeinde Amelinghausen
JF Rehlingen,Samtgemeinde Amelinghausen
JF Soderstorf,Samtgemeinde Amelinghausen
JF Wetzen,Samtgemeinde Amelinghausen
JF Barnstedt,Samtgemeinde Ilmenau
JF Deutsch Evern,Samtgemeinde Ilmenau
JF Embsen,Samtgemeinde Ilmenau
JF Melbeck,Samtgemeinde Ilmenau
JF Oerzen,Samtgemeinde Ilmenau
JF Adendorf,Einheitsgemeinde Adendorf
JF Erbstorf,Einheitsgemeinde Adendorf
JF Dellien,Samtgemeinde Amt Neuhaus
JF Haar,Samtgemeinde Amt Neuhaus
JF Kaarßen-Laave,Samtgemeinde Amt Neuhaus
JF Neu-Garge/Stiepelse,Samtgemeinde Amt Neuhaus
JF Neuhaus,Samtgemeinde Amt Neuhaus
JF Niendorf,Samtgemeinde Amt Neuhaus
JF Stapel,Samtgemeinde Amt Neuhaus
JF Tripkau-Wehningen,Samtgemeinde Amt Neuhaus
JF Zeetze,Samtgemeinde Amt Neuhaus
JF Bardowick,Samtgemeinde Bardowick
JF Gemeinde Barum,Samtgemeinde Bardowick
JF Handorf,Samtgemeinde Bardowick
JF Mechtersen,Samtgemeinde Bardowick
JF Radbruch,Samtgemeinde Bardowick
JF Vögelsen,Samtgemeinde Bardowick
JF Wittorf,Samtgemeinde Bardowick
JF Barskamp,Stadt Bleckede
JF Bleckede,Stadt Bleckede
JF Garlstorf,Stadt Bleckede
JF Garze,Stadt Bleckede
JF Radegast-Brackede,Stadt Bleckede
JF Walmsburg,Stadt Bleckede
JF Wendewisch,Stadt Bleckede
JF Dahlenburg,Samtgemeinde Dahlenburg
JF Gienau/Seedorf,Samtgemeinde Dahlenburg
JF Gemeinde Nahrendorf,Samtgemeinde Dahlenburg
JF Lemgrabe-Dumstorf,Samtgemeinde Dahlenburg
JF Tosterglope,Samtgemeinde Dahlenburg
JF Kirchgellersen,Samtgemeinde Gellersen
JF Reppenstedt,Samtgemeinde Gellersen
JF Südergellersen,Samtgemeinde Gellersen
JF Westergellersen,Samtgemeinde Gellersen
JF Lüneburg-Häcklingen,Stadt Lüneburg
JF Lüneburg-Mitte,Stadt Lüneburg
JF Lüneburg-Ochtmissen,Stadt Lüneburg
JF Lüneburg-Oedeme,Stadt Lüneburg
JF Lüneburg-Rettmer,Stadt Lüneburg
JF Artlenburg,Samtgemeinde Scharnebeck
JF Ba/Hi/Jü,Samtgemeinde Scharnebeck
JF Boltersen,Samtgemeinde Scharnebeck
JF Brietlingen,Samtgemeinde Scharnebeck
JF Echem,Samtgemeinde Scharnebeck
JF Hohnstorf,Samtgemeinde Scharnebeck
JF Lüdershausen,Samtgemeinde Scharnebeck
JF Rullstorf,Samtgemeinde Scharnebeck
JF Scharnebeck,Samtgemeinde Scharnebeck
JF Barendorf,Samtgemeinde Ostheide
JF Gemeinde Thomasburg,Samtgemeinde Ostheide
JF Neetze,Samtgemeinde Ostheide
JF Vastorf,Samtgemeinde Ostheide
JF Wendhausen,Samtgemeinde Ostheide
JF Wendisch Evern,Samtgemeinde Ostheide
Team Grün,Farbe
Team Blau,Farbe
Team Orange,Farbe
Team Rot,Farbe
Team Gelb,Farbe
Team Lila,Farbe